Name;Leonardo;Gold;Uranium;Asml;Siemens;ENAV;Euronext;Gerdau;Novo Nordisk;Nutrien;Philip Morris;Caterpillar;Coca cola HBC;Iqvia;Mercado libre;Miniso Group;PT adaro andalan;Unitedhealth group;Vitec;Airbus;Cameco;Dollar General;Futu holdings;Imperial brands;Shenghe;XIAOMI;Adyen;Nu holdings;tata consumer;Bund 0% Fb32;Venture Global LNG 7.75% 2035;Spain 3.45% Oc34;Btp 0.45% Fb29;OAT 1.25% MAY36 EUR;ROMANIA 2.875% MZ29;BTP 2.95% ST38
28.11.2025;46,91;3648,4433;39,05;903,4;228,3;4,576;132,3;3,08;42,56;50,17994;135,82;496,56;43,24;198,37;1786,79;4,305;0,388;284,41;28,591;204,45;76,33;94,43;146,32;36,62;2,529;4,544;1340,6;15;11,32;86,460765;96,36;103,0225;94,138;80,6505;93,24;98,1445
26.11.2025;45,57;3591,5042;38,63;897,2;228,1;4,552;131,3;3,09;42,01;49,48313;134,97;494,85;43,21;199,93;1753,77;4,229;0,385;284,38;28,08;204,85;76,6;93,82;146,28;37,42;2,474;4,447;1340,2;14,88;11,47;86,456;96,184;103,1425;94,159;80,743;93,375;98,055
25.11.2025;45,39;3569,8418;37,95;909,3;227;4,558;130,7;3,01;40,68;49,12415;136,06;489,77;43,27;200,47;1776,3;4,131;0,403;282,03;27,929;201,75;75,5;90,16;145,47;36,62;2,496;4,485;1326;14,36;11,42;86,32946;96,466;103,0385;94,159;80,7265;93,2395;98,048
24.11.2025;44,97;3593,0469;37,58;860,3;223;4,582;129,7;2,99;39,04;48,83736;131,13;485,76;41,97;198,07;1743,85;4,163;0,4;276,95;27,759;200,05;72,34;88,27;148,89;35,92;2,479;4,313;1317;13,82;11,55;86,37656;96,934;102,7925;94,0874;80,35;92,891;98,1095
21.11.2025;46,04;3531,7435;36,13;858,8;219,15;4,574;128,8;2,97;41,38;48,73808;134,86;478,18;41,7;195,38;1695,58;4,378;0,403;277,97;27,524;202,75;69,01;88,35;140,32;36,67;2,457;4,251;1301;13,8;11,47;86,242;96,955;102,685;94,0874;80,2235;92,6725;98,1285
20.11.2025;49,1;3536,9047;36,53;834;221,1;4,59;125,6;3,01;41,29;47,77068;135,03;473,78;40,57;188,35;1648,09;4,487;0,397;270,27;27,501;204,4;71,12;87;133,42;36,96;2,586;4,202;1311;13,29;11,48;86,242;97,094;102,5735;94,06015;80,1495;92,5975;98,122
19.11.2025;47,72;3537,3266;39,13;889,8;218,6;4,532;126,3;3,01;42,48;48,54369;134,89;479,46;40,29;188,52;1800,61;4,578;0,401;267,94;27,466;203,25;74,76;86,38;143,81;36,66;2,57;4,32;1324;13,57;11,39;86,279;96,907;102,712;94,06015;80,3375;92,8445;98,1885
18.11.2025;50,16;3512,9113;37,77;886,6;218,15;4,568;127,6;3,03;41,07;49,48627;134,6;472,3;40,59;187,65;1778,06;4,549;0,406;270,82;27,42;204,15;71,94;89,24;144,87;36,65;2,547;4,524;1316,2;13,23;11,26;86,238;96,578;102,655;94,0243;80,3505;92,7375;98,097
17.11.2025;51,08;3489,4305;37,72;865,6;223;4,546;126;3,03;41,81;49,1764;131,8;476,32;41,18;186,47;1775,43;4,63;0,413;276,55;28,042;207,3;71,64;89;145,44;35,79;2,575;4,657;1369;13,46;11,48;86,238;96,519;102,678;93,978114;80,342;92,9045;98,066
14.11.2025;50,46;3510,5422;38,51;876,4;230,35;4,5;126,7;3,05;41,53;51,13791;133,76;476,79;40,98;189,85;1763,24;4,639;0,452;276,99;29,116;206,5;72,94;89,76;142,66;35,71;2,558;4,69;1408,4;13,61;11,24;86,196;96,351;102,5995;93,978621;80,4;92,7605;98,0325
13.11.2025;51,36;3586,1921;38,98;874,1;227;4,592;127,2;3,07;42,27;50,61695;133,39;475,93;41,48;192,2;1746,24;4,746;0,448;285,89;29,178;210,25;73,92;89,58;154,48;36,29;2,585;4,813;1416,2;13,4;11,18;86,3;96,233;102,87;94,0357;80,658;93,1225;98,074
12.11.2025;50,18;3621,8427;41,1;881,5;250,4;4,55;128;3,11;43,36;51,88303;134,2;494,32;41,8;190,55;1814,97;4,842;0,451;292,49;29,25;212;79,86;89,9;160,62;36,59;2,538;4,851;1458,2;13,96;11,32;86,507271;96,649;103,239;94,164;80,8995;93,6265;98,1155
11.11.2025;49,95;3563,4197;40,97;891,8;247,4;4,49;128;3,1;42,44;51,24044;135,41;490,44;41,63;188,71;1813,1;4,72;0,45;282,77;29,379;211;79,9;89,87;161,11;36,61;2,643;4,775;1467,2;14,15;11,29;86,465;96,718;103,0715;94,164;80,6265;93,298;98,098
10.11.2025;50,8;3561,4919;42,32;886,9;245,7;4,438;127,3;3,08;39,75;51,01233;134,19;493,99;40,92;184,36;1810,35;4,691;0,451;278,28;28,664;211,1;81,55;86,88;162,49;36,24;2,697;4,716;1354;13,86;11,15;86,44902;96,966;102,9775;94,164;80,43;93,1865;98,0885
07.11.2025;50,52;3457,6048;41,35;886,7;237,3;4,434;126,8;3,04;39,5;49,1402;132,63;486,9;40,48;181,98;1823,26;4,501;0,453;280,34;27,849;208,05;79,78;85,79;160,26;36,08;2,699;4,697;1337,2;13,72;11,39;86,454;96,799;102,9195;94,06371;80,2315;93,0345;98,0465
06.11.2025;49,63;3444,7302;40,82;870,8;241,6;4,454;122;3,05;40,28;48,17253;129,82;493,44;39,98;182,61;1843,19;4,544;0,443;278,48;28,037;208,65;78,15;83,09;159,43;36,1;2,7;4,838;1369,2;13,8;11,63;86,454;97,069;103,0405;94,06371;80,3265;93,2225;98,0615
05.11.2025;50,5;3465,6688;43,55;895,3;245;4,57;124;3,05;42,17;47,04451;129,14;495,3;39,97;182,86;2003,2;4,619;0,453;285,21;29,023;212,35;82,88;87,56;163,33;35,66;2,703;4,849;1407,2;14,07;11,58;86,534;97,57;102,9055;94,06371;80,2495;93,126;98,0675
04.11.2025;51,02;3424,2989;43,31;906,6;244,2;4,58;124,9;2,95;42,02;46,6743;128,6;476,9;39,25;183,73;2008,09;4,631;0,43;288,13;29,234;212,85;84,44;86,89;156,37;34,89;2,75;4,864;1411,6;13,76;11,58;86,534;97,66;103,117;94,107;80,4655;93,3625;98,075
03.11.2025;52,08;3474,058;45,65;918;247,2;4,574;124,3;2,99;42,64;47,36681;125,54;495,39;39,47;185,69;2011,11;4,609;0,432;289,8;30,317;214,15;87,56;86,1;168,64;34,88;2,763;4,995;1437;14;11,72;86,534;97,588;103,0505;94,107;80,4075;93,2975;98,1485
31.10.2025;50,88;3469,5507;47,79;926,5;245,55;4,532;124;3,01;42,88;47,27357;125,13;500,49;39,38;187,67;2017,74;4,597;0,433;296,13;30,404;213,4;88,62;85,54;172,57;34,49;2,831;4,82;1488,6;13,97;11,38;86,534;97,507;103,247;94,152069;80,5075;93,492;98,1485
30.10.2025;50,52;3478,7895;48,59;918,1;247;4,544;123,8;2,96;43,27;46,99619;126,04;504,24;39,41;187,18;2041,3;4,685;0,445;298,1;31,143;212,7;90,55;86,1;164,02;34,48;2,929;4,915;1516,4;13,89;11,48;86,467;97,326;103,1685;94,043;80,5785;93,4115;98,1405
29.10.2025;51,1;3387,6742;48,69;937,5;245,75;4,528;123,4;3,05;44,29;48,67257;126,54;504,78;39,47;187,8;1979,41;4,706;0,446;306,29;31,395;208,4;91,96;86,14;170,38;34,62;2,86;4,963;1521,6;13,87;11,48;86,528;97,292;103,3215;94,162;80,629;93,521;98,103
28.10.2025;51,74;3391,9012;47,23;919,4;246,25;4,62;125,8;2,91;44,68;48,90106;128,59;450,19;39,82;187,24;1965,79;4,706;0,432;315,74;32,132;207,75;91,77;87,48;161,15;34,39;2,753;4,963;1448,8;13,67;11,37;86,484;96,667;103,1955;94,116;80,567;93,351;98,004
27.10.2025;51,06;3418,8337;43,6;907,4;246,8;4,6;127,1;2,87;45,43;49,42734;131,59;452,69;39,83;186,75;1960,25;4,774;0,422;314,33;32,714;208,6;74,4;88,27;156,35;34,42;2,827;5,064;1505,4;13,74;11,39;86,515;96,716;103,243;94,221648;80,539;93,343;97,896
24.10.2025;51,24;3536,7898;44,3;908,1;243,6;4,568;128;2,86;45,56;50,04552;135,59;449,66;39,61;189,69;1859,02;4,845;0,413;311,83;32,659;208,45;75,81;87,73;153,45;34,41;2,775;5,084;1512,6;13,63;11,32;86,763064;96,921;103,0945;94,221648;80,399;93,1145;97,88
23.10.2025;51,34;3550,8327;42,99;894,4;239,65;4,544;127,1;2,87;45,82;49,76303;135,75;448,05;39,87;189,3;1849,29;4,699;0,406;310,28;32,569;207,25;74,29;88,65;146,93;34,65;2,746;5,177;1494,2;13,69;11,39;86,763064;96,602;103,4405;94,221648;80,846;93,494;97,872
22.10.2025;50,5;3526,0724;42,15;887,7;242;4,512;125,2;2,83;45,98;48,89242;135,11;442,64;39,96;187,65;1804,66;4,765;0,41;311,36;32,195;205,8;71,96;89,22;141,84;34,43;2,777;5,136;1492,2;13,06;11,51;86,836;96,657;103,65;94,243;81,016;93,704;97,9675
21.10.2025;50,82;3555,6583;43,02;870,1;241,9;4,476;125,4;2,87;47,23;48,31026;131,06;452,36;40,4;188,54;1846,91;4,762;0,413;315,03;32,734;207,35;71,37;90,97;145,9;34,03;2,903;5,154;1480,4;13,14;11,51;86,762;96,767;103,7135;94,230664;81,0955;93,763;97,9555
20.10.2025;50,18;3741,6279;45,89;889,8;243,2;4,46;125,7;2,88;47,89;49,46167;135,79;456,34;40,74;182,17;1805,94;4,743;0,416;313,13;32,152;203,7;73,8;91,44;144,18;34,37;2,842;5,214;1464;13,24;11,5;86,762;96,21;103,51;94,230664;80,916;93,4835;97,773
17.10.2025;48,1;3646,6613;45,76;899;237,9;4,406;125,1;2,81;46,67;49,26322;135,66;452,39;40,97;175,56;1738,03;4,641;0,408;306,07;31,61;200,4;74,32;90,76;140,36;34,63;2,845;5,079;1446,6;12,87;11,38;86,762;96,268;103,5455;94,230664;80,9355;93,3465;97,8515
16.10.2025;50,8;3700,9897;47,69;875,7;244,25;4,46;125,6;2,74;47,99;48,27237;133,46;462,87;40,15;176,05;1748,15;4,88;0,401;305,19;33,3;205,45;77,98;88,89;134;34,34;2,92;5,253;1464,4;12,6;11,18;86,7786;96,055;103,697;94,230664;81,1245;93,5925;97,905
15.10.2025;50,18;3612,841;49,9;877,4;240,65;4,45;127,1;2,78;48,7;49,93484;135,44;458,57;39,1;174,41;1758,84;4,941;0,406;310,11;33,945;203;80,25;91,29;135,14;34,74;3,164;5,465;1457,6;13,03;10,9;86,841261;96,346;103,637;94,230664;81,0975;93,482;97,6875
14.10.2025;52,38;3568,6943;49,08;873;238,35;4,492;129,7;2,74;48,82;49,97625;137,07;454,52;39,13;176,44;1859,39;4,777;0,409;310,15;32,587;203,3;80,3;89,37;136,58;35,49;3,018;5,389;1460,4;12,85;10,86;86,6289;95,931;103,3175;93,82;80,581;93,0365;97,407
13.10.2025;52,8;3553,0067;47,97;846,6;246,1;4,418;129,9;2,76;49,71;51,53091;137,85;436,34;38,98;176,15;1880,97;4,88;0,407;310,04;33,409;202,35;79,66;88,06;139,55;35,92;3,16;5,453;1478,4;13,04;10,89;86,51;96,304;102,9725;93,82;80,0945;92,6545;97,329
10.10.2025;52,9;3457,8611;44,65;844;242,3;4,434;128,8;2,66;49;51,53091;138,12;422,88;38,77;170,57;1836,52;4,864;0,406;305,13;32,664;202;74,58;85,4;133,07;36,14;2,891;5,757;1467,6;12,84;10,93;86,395222;97,183;102,853;93,82;80,117;92,417;97,285
09.10.2025;55,48;3437,728;44,53;813,9;246,45;4,426;128,7;2,79;50,75;52,90883;135,65;432,73;38,49;175,56;1967,48;4,841;0,401;317,99;33,998;204,65;75,01;85,33;150,48;35,59;3,06;5,929;1495,6;13,29;10,88;86,053;97,611;102,45;93,82;79,6475;91,9985;97,276
08.10.2025;56,2;3473,1636;43,88;849,8;245,25;4,36;127;2,78;51,27;51,99691;133,55;431,89;38,69;172,54;1875,01;4,675;0,398;318,18;34,596;205,3;74,15;84,43;153,66;35,98;2,76;5,952;1498;13,3;10,86;86,187;97,251;102,6885;93,72605;79,725;92,286;97,081
07.10.2025;54,88;3417,8858;43,94;851,8;242,3;4,272;125,8;2,72;50,64;52,04963;132,6;417,6;38,53;172,34;1876,94;4,681;0,432;312,02;31,667;202,45;74,17;82,69;146,66;35,76;2,76;5,909;1479,8;12,98;10,83;86,000725;97,113;102,367;93,72605;79,174;91,7055;97,083
06.10.2025;55,36;3382,3637;43,74;874,8;243,25;4,296;123,8;2,76;50,94;51,55994;131,13;423,08;38,32;175,1;1839,8;4,681;0,388;306,41;31,043;201,1;72,86;83,81;147,83;34,59;2,76;5,909;1476,6;13,14;11;85,997;96,733;102,3555;93,72605;79,361;91,68;97,235
03.10.2025;55,8;3309,7611;42,25;897,3;241,2;4,316;124,3;2,75;50,79;50,55462;130,54;424,03;37,95;175,99;1850,57;4,718;0,381;306,79;30,966;203,55;71,69;85,35;144,77;34,9;2,76;6,021;1445,6;13,04;10,92;85,951;96,357;102,56;93,72605;79,683;91,966;97,258
02.10.2025;55,66;3291,7983;42,85;880,1;241,2;4,326;125,9;2,71;50,15;50,97259;134,8;418,79;38,56;174,44;1917,88;4,769;0,384;301,96;31,005;202,05;71,88;86,56;141,92;35,08;2,76;6,121;1456;12,99;11,01;85,951;96,684;102,488;93,72605;79,6155;91,852;97,178
01.10.2025;54;3295,6343;41,15;877,6;231,45;4,326;126,3;2,67;50,45;48,30759;137,15;409,94;39;173,75;1856,01;4,878;0,39;296,96;31,058;199,08;71,18;84,99;150,42;35,52;2,76;5,914;1368;12,95;11,01;85,951;96,545;102,4225;93,72605;79,6355;91,812;97,0775
30.09.2025;54,02;3288,3139;40,63;841,4;229,2;4,322;127,4;2,62;47,29;50,04183;138,24;406,67;40,14;161,89;1991,77;4,878;0,38;294,3;30,036;197,4;71,47;88,08;148,22;36,18;2,76;5,914;1365;13,65;10,84;85,951;96,219;102,3585;93,667;79,578;91,734;96,951
29.09.2025;54,1;3269,5548;41,54;828,1;226,2;4,264;126,8;2,65;47,33;49,28682;139,01;402,23;39,85;154,13;2133,31;4,802;0,38;294,4;29,982;195,78;72,03;87,8;148,1;36,08;2,671;5,868;1367,6;13,6;10,8;85,963;96,265;102,3445;93,6445;79,5045;91,8275;97,0035
26.09.2025;53;3213,0909;41,37;825,5;228,75;4,274;126,7;2,62;47,53;50,24662;140,92;398,05;41,43;153,46;2109,58;4,755;0,381;294,06;30,05;195,72;73,14;87,27;147,72;36,36;2,717;6,004;1353;13,49;10,79;85,78;96,232;101,972;93,5116;79,3305;91,354;96,8975
25.09.2025;52,84;3213,733;42,15;812,8;223,8;4,248;128,5;2,63;48,04;49,8739;140,59;397,53;41,24;151,47;2136,52;4,895;0,39;296,24;30,732;193,86;73,43;88,17;153,57;36,13;2,675;6,548;1378,2;13,53;10,96;85,78;96,422;101,74;93,5116;79,0705;91,095;96,9185
24.09.2025;52,9;3183,0279;41,4;811,7;226,35;4,292;129;2,63;50,05;50,34277;138,88;400,26;41,19;154,42;2139,36;4,99;0,387;299,74;30,667;193,82;70,79;89,03;150,35;35,81;2,701;6,232;1386,4;13,64;10,94;85,78;96,457;102,0555;93,599872;79,242;91,452;97,0105
23.09.2025;50,6;3185,6293;42,62;808;229;4,278;131,3;2,66;50,39;47,75543;138,61;398,87;41;157,81;2111,17;5,048;0,379;294,28;30,884;194,26;73,54;87,74;141,42;35,26;2,652;6,036;1374,6;13,67;10,76;85,77;95,761;102,0875;93,65525;79,2255;91,644;97,1105
22.09.2025;51,72;3174,2141;42,7;819,8;227,05;4,3;133,1;2,62;51,44;48,31983;137,25;400,02;41,17;159,15;2084,95;5,258;0,368;289,19;30,903;195,14;73,13;86,31;142,11;35,35;2,667;6,118;1379,2;13,81;10,85;85,794;95,869;102,068;93,65525;79,333;91,575;97,0585
19.09.2025;49,84;3136,6869;42,09;810,8;228,4;4,3;131,6;2,64;52,28;48,28455;138,75;397,26;41,78;159,42;2088,16;5,31;0,362;286,69;30,69;193,86;73,38;86,95;151,56;35,35;2,701;6,21;1379,8;13,77;10,89;85,767;96,39;102,065;93,65525;79,3435;91,653;97,0895
18.09.2025;49,9;3091,8119;38,79;793,7;228;4,262;136,3;2,65;52,48;47,72881;137,25;396,2;41,06;161,38;2101,11;5,212;0,363;284,08;31,282;191,7;70,09;90,7;147,56;35,27;2,622;6,202;1395,2;13,57;10,87;85,905;96,051;102,172;93,65525;79,554;91,7985;97,2255
17.09.2025;49,5;3098,2657;37,72;794;225,25;4,276;136;2,65;49,27;47,82199;140,79;381,53;41,46;158,05;2071,05;5,237;0,357;289,21;30,4;191,7;69,26;89,86;148,11;35,77;2,711;6,296;1377;13,51;10,97;85,984722;95,802;102,5665;93,694;79,883;92,4255;97,255
16.09.2025;50,78;3109,2753;37,38;737;226,05;4,34;136,4;2,63;48,2;47,86673;137,33;371,37;41,38;157,43;2014,28;5,184;0,366;286,35;30,161;192,92;67,61;87,82;148,04;35,76;2,642;6,114;1321;13,39;10,48;85,984722;95,145;102,4475;93,694;79,778;92,2165;97,2685
15.09.2025;52,36;3128,2147;39,1;732,9;230,2;4,358;138,4;2,63;47,3;48,54413;137,45;370,7;42,66;158,14;1986,24;5,209;0,36;295,82;30,359;196,3;73,4;88,88;153,63;36,6;2,716;6,143;1349;13,53;10,64;85,942;95,742;102,4545;93,668;79,822;92,2105;97,2665
12.09.2025;50,5;3104,601;35,84;729,4;228,55;4,4;138,4;2,56;46,77;48,57951;141,58;367,78;42,93;159,57;1993,83;5,247;0,364;300,44;30,473;193,22;66,57;88,98;158,43;36,86;2,759;6,042;1345,2;13,37;10,66;85,869;95,782;102,1895;93,668;79,717;91,8305;97,2465
11.09.2025;49,79;3097,0245;36,35;689,8;229,05;4,392;137,6;2,65;46,28;48,71941;143,1;367,66;42,96;162,52;1992,84;5,303;0,364;301,38;30,881;194;68,09;89,82;158,63;36,85;2,708;5,98;1360,4;13,31;10,68;86,154;95,834;102,6245;93,668;80,148;92,4315;97,26
10.09.2025;48,4;3113,3037;36,11;686;228,4;4,314;136,6;2,64;46,5;49,1522;141,38;361,68;42,88;157,25;2008,89;5,437;0,365;296,57;31,605;188,56;67,96;91,05;155,2;36,15;2,624;6,033;1365,8;13,26;10,7;86,219;95,772;102,6155;93,757;79,943;92,2305;97,133
09.09.2025;47,26;3097,673;35,85;680,2;228,5;4,302;138,4;2,64;46,39;48,29837;140,73;357,16;43,3;162;2027,17;5,528;0,363;297,22;31,698;187,54;66,11;89,31;160,67;35,83;2,627;6,164;1403;13,21;10,49;86,1866;95,566;102,5075;93,82985;79,845;92,0855;96,9055
08.09.2025;47,39;3090,767;35,31;683,2;230,65;4,296;140,7;2,69;46,15;48,78767;138,34;359,45;43,04;159,56;1995,37;5,366;0,364;272,28;31,592;187,82;65,67;92,43;159,52;35,74;2,677;5,973;1390,6;12,94;10,38;86,214;95,138;102,6825;93,82985;79,838;92,217;96,8405
05.09.2025;47,14;3060,8168;34,76;676,6;226;4,276;140,2;2,71;47,14;48,23667;137,88;361,08;43,57;160,18;2063,23;5,219;0,37;269,17;31,669;183,84;64,74;93,27;159,84;36,24;2,74;5,873;1386,4;12,58;10,38;86,214;95,205;102,481;93,792;79,519;91,8615;96,7785
04.09.2025;47,22;3043,4658;34,68;660,2;230,05;4,294;140,4;2,64;48,19;48,94826;138,34;360,73;43,31;158,02;2075,54;5,091;0,38;266,44;31,492;186,86;65,51;93,09;162,35;35,96;2,607;5,882;1377,8;12,77;10,43;85,91984;95,576;102,0285;93,5545;79,146;91,224;96,657
03.09.2025;49,2;3051,8156;35,45;647,6;229,45;4,264;138,7;2,6;48,66;48,73782;139,97;355,99;43,16;158,32;2035,09;5,335;0,375;264,03;31,59;184,7;66,18;94,07;166,32;35,56;2,878;6,014;1394,4;12,78;10,76;85,62411;95,327;101,745;93,5809;78,787;90,8295;96,5365
02.09.2025;48,94;3035,6843;34,9;625,3;228,7;4,26;137,8;2,62;48,44;49,54118;143,84;357,49;42,87;157,88;2044,82;5,27;0,374;265,34;31,748;179,16;64,8;94,91;160,66;35,44;2,98;6,147;1376,2;12,77;10,75;85,62411;95,184;101,2755;93,5809;78,514;90,1585;96,5455
29.08.2025;48,73;2949,9701;34,81;617,2;236,6;4,206;141,1;2,59;48,32;49,28857;143,04;358,64;43,18;163,31;2116,49;5,282;0,365;265,21;32,949;179,06;66,24;93,08;158,85;36,08;3,265;5,801;1434,4;12,67;10,34;85,91703;95,425;101,8565;93,5809;79,131;91,0485;96,77
28.08.2025;48,36;2924,7462;35,08;636,1;236,85;4,254;141,6;2,62;48,03;50,3474;141,9;372,29;43,33;161,56;2116,32;5,222;0,358;258,77;33,456;178,62;67,31;95,63;159,31;35,84;2,989;5,832;1442,6;12,64;10,39;86,03833;95,479;102,1655;93,604934;79,313;91,518;96,765
27.08.2025;48,36;2919,0406;34,1;636,6;233;4,284;142,6;2,62;48,5;50,00542;141,09;371,81;44;162,24;2073,93;5,388;0,366;261,13;33,409;178,26;64,69;95,56;158,06;36,22;2,902;5,872;1440;12,58;10,59;86,079;95,686;101,8995;93,604934;79,004;91,0925;96,7705
26.08.2025;48,54;2913,875;34,74;654,3;234,9;4,294;143,2;2,62;47,53;50,31595;143,17;370,43;44,16;161,28;2066,25;5,487;0,37;258,06;34,764;179,88;65,72;94,91;163,16;36,16;2,834;5,897;1431,4;12,23;10,59;85,896;95,497;101,9545;93,604934;79,198;91,3075;96,765
25.08.2025;48,45;2897,4394;33,99;660,2;235,5;4,308;143;2,61;48,49;50,16959;144,06;372,1;44,92;161,84;2072,42;5,404;0,384;262,4;34,694;180,54;64,53;96,7;167,62;36,05;3,002;5,895;1472;12,25;10,63;85,84541;95,36;101,5905;93,604934;79,271;91,086;96,795
22.08.2025;47,35;2878,0777;33,67;650,6;236,9;4,328;143;2,54;48,64;49,42225;146,61;371,89;44,92;163,17;2074,79;5,145;0,359;262,42;34,697;180,72;63,94;95,95;162,73;36,05;2,838;5,741;1474,4;11,9;10,6;85,84541;94,446;102,1305;93,604934;79,818;91,703;96,729
21.08.2025;47,03;2876,7453;32,04;646,7;233,65;4,3;144,1;2,48;47,78;49,6204;150,36;360,09;45,58;159,75;2014,17;4,307;0,36;261,4;34,189;180,92;61,55;96,93;155,49;36,07;2,79;5,663;1443,4;11,78;10,74;85,63968;94,657;101,744;93,608;79,5335;91,1875;96,84
20.08.2025;44,86;2872,5031;31,28;646,2;233,5;4,278;145,4;2,48;46,61;48,93144;148,36;360,99;46,15;164,83;2004,96;4,491;0,361;257,35;33,626;179,14;60,48;98,58;153,34;36,28;2,848;5,773;1453,2;11,69;10,9;85,83827;94,241;102,1375;93,608;79,8935;91,788;96,9085
19.08.2025;44,3;2846,6319;31,74;634,5;238,25;4,318;141,5;2,5;47,04;48,77984;144,92;357,28;45,52;165,16;2011,8;4,347;0,361;261,24;34,735;183,84;63,39;96,84;144,7;35,4;2,92;5,769;1450;11,27;10,71;85,638;94,231;101,908;93,49;79,715;91,51;96,961
18.08.2025;49,31;2856,1279;33,62;638,2;233,55;4,308;142,2;2,55;46,1;48,64187;142,88;353,89;45,07;165,13;2027,45;4,345;0,363;264,57;33,998;184,22;65,88;96,31;148,3;35,61;3,027;5,818;1435,2;11,43;10,53;85,507;94,155;101,8365;93,49;79,528;91,4565;96,9625
14.08.2025;47,8;2864,2452;33,51;642,3;233,25;4,276;142;2,55;43,75;48,86852;141,91;358,49;45,13;162,63;1991,93;4,242;0,366;233,12;32,478;183,78;64,87;98,49;150,05;35,41;2,646;5,832;1392,6;10,31;10,3;85,80385;94,334;102,371;93,681099;80,23;92,166;97,0895
13.08.2025;46,7;2866,0522;33,71;638,7;230,25;4,238;139,6;2,57;43,49;48,62287;141,73;353,47;44,65;162,53;1988,47;4,302;0,37;232,24;32,888;179,56;64,59;98,93;150,79;35,16;2,659;5,796;1465;10,57;10,32;85,941;93,688;102,641;93,681099;80,456;92,543;97,072
12.08.2025;45,92;2865,5873;34,62;636,7;231,1;4,25;138,2;2,56;42,65;48,05283;144,44;353,56;44,62;159,26;2013,9;4,221;0,36;224,08;32,916;180,86;67,19;98,68;141,51;35,23;2,579;5,642;1463,6;10,49;10,24;85,80948;93,816;102,0745;93,681099;79,831;91,7815;97,061
11.08.2025;45,11;2879,4117;34,12;642,9;228,05;4,22;141;2,53;42,94;48,49464;146,65;351,77;44,77;155,06;1973,51;4,357;0,374;217,3;33,472;175,8;66,88;98,63;137,33;35,02;2,728;5,572;1495,6;10,26;10,4;85,80948;94,147;102,4195;93,681099;80,252;92,231;97,196
08.08.2025;45,43;2919,8464;34,32;640,6;232,4;4,206;141;2,54;43,89;47,85854;146,22;357,87;43,75;154,53;2022,25;4,337;0,381;215,56;34,232;176,22;66,09;99,94;138,26;34,79;2,795;5,61;1494,8;10,57;10,32;85,80948;94,167;102,462;93,681099;80,347;92,2925;97,194
07.08.2025;46,62;2912,1389;34,8;633,9;227,1;4,22;141,7;2,5;41,8;47,75685;144,17;357,58;43,83;153,41;2001,56;4,39;0,386;209,75;34,901;177,4;65,47;99,13;134,24;34,59;2,666;5,663;1521;10,64;10,32;86,09499;94,148;102,8635;93,681099;80,656;92,779;97,2425
06.08.2025;49,67;2889,1896;35,33;627;219;4,16;140,2;2,46;38,92;49,7707;143,23;366,86;41,83;152,23;1987,49;4,185;0,384;210,81;33,541;177,9;65,66;97,2;132,97;34,5;2,484;5,901;1488;10,48;10,3;85,996;94,192;102,6395;93,681099;80,635;92,475;97,0765
05.08.2025;48,18;2920,9711;34,93;616,9;218,8;4,158;139,5;2,48;40,8;51,07997;141,82;375,18;45,07;158,92;2080,54;4,213;0,375;216,87;34,26;175,2;64,45;95,78;134,08;34,24;2,513;5,977;1452,2;10,5;10,48;86,11695;94,827;102,897;93,681099;80,832;92,7415;97,0275
04.08.2025;47,33;2915,1201;34,13;610,7;216,8;4,13;140,9;2,5;42,19;50,58069;140,87;374,85;44,98;157,95;2070,73;4,14;0,369;208,28;33,652;172,32;65,05;95,89;130,45;34,22;2,529;6,006;1457,2;10,4;10,57;85,742;94,857;102,89;93,681099;80,752;92,662;97,0215
01.08.2025;46,07;2902,7218;32,99;592,9;212,95;4,062;141,3;2,45;41,6;50,58069;140,68;370,07;45,07;157,5;2051,04;4,075;0,357;205,26;33,575;169,1;62,96;93,69;122,3;33,81;2,454;5,873;1448,4;10,4;10,59;85,742;94,259;102,386;93,5626;80,408;91,912;96,969
31.07.2025;47,27;2882,1944;34,48;597,1;224,9;3,85;141,6;2,58;41,24;51,99197;143,71;383,72;45,65;162,82;2079,62;4,168;0,364;218,62;34,105;176,04;65,64;91,9;134,63;34,17;2,648;5,932;1510,6;10,71;10,75;85,742;95,674;102,319;93,4563;80,3535;92,043;96,986
30.07.2025;47,94;2871,5782;35,15;602,4;228,95;3,95;142,7;2,62;43,87;52,10708;142,2;380,67;46;167,96;2088,21;4,385;0,361;233,29;34,017;178,86;68,18;92,55;132,36;33,81;2,694;6,116;1528,6;11,07;10,73;85,647;95,662;102,178;93,86945;80,214;91,811;96,916
29.07.2025;47,85;2881,1728;34,86;595;227,05;3,942;143,5;2,54;46,72;52,36684;140,97;372,5;45,48;168,51;2065,74;4,221;0,363;226,13;34,824;179,44;68,16;92,55;134,46;33,67;2,904;6,102;1527;10,94;10,56;85,7456;94,328;102,31;93,86945;80,276;92,009;96,966
28.07.2025;46,19;2859,8875;35,37;613,1;225,65;3,93;143,8;2,54;59,54;51,43214;136,15;373,61;45,09;170,66;2031,51;4,123;0,367;243,46;34,815;177,64;68,29;91,31;140,38;33,01;2,956;6,244;1583,4;10,88;10,55;85,799;94,153;102,329;93,86945;80,2925;91,987;96,912
25.07.2025;47,56;2841,5034;35,63;627,5;227,3;3,974;146,9;2,57;61,07;51,21054;137,07;369,46;45,5;169,65;2012,4;4,097;0,366;239,4;34,597;180,2;67,8;91,62;139,36;33,15;2,656;6,229;1559,2;10,84;10,39;85,587732;92,509;102,009;93,86945;79,9665;91,588;97,011
24.07.2025;47,57;2865,2428;35,87;623;227,25;3,994;149,8;2,6;60,18;51,33842;137,04;365,42;45,86;170,85;2034,24;3,978;0,359;237,01;34,967;182,6;67,99;91,67;141,96;33,39;2,48;6,335;1542,4;10,85;10,57;85,745;92,354;102,121;93,86945;80,1645;91,687;96,928
23.07.2025;48,65;2878,0081;35,01;628,3;227,7;3,976;148,7;2,59;59,5;51,54956;139,91;363,29;45,9;165,03;2034,35;3,712;0,362;248,52;34,32;183,38;67,25;92,81;143,49;33,46;2,373;6,321;1533,2;11,01;10,45;86,309;92,592;102,947;93,86945;80,8545;92,547;96,959
22.07.2025;48,31;2919,3562;34,22;604,9;220,35;3,908;150,6;2,53;56,82;51,1121;140,62;354,96;46,43;159,43;2029,03;3,691;0,375;242,6;34,046;181,32;66,28;93,45;139,75;33,68;2,284;6,281;1549,6;10,88;10,7;86,333;92,681;102,898;93,851;80,9345;92,601;96,93
21.07.2025;48,7;2903,2243;34,32;615,9;224,55;3,936;152;2,5;55,51;50,67013;154,32;350,64;46,27;135,92;2034,25;3,774;0,366;241,25;34,687;186,02;65,91;92,01;137,04;33,8;2,232;6,291;1562;11,02;10,82;86,218207;92,804;102,808;93,578;80,693;92,497;96,886
18.07.2025;49,12;2881,0845;35,21;606,6;224,2;3,954;153,3;2,43;55,32;51,62168;153,75;355,88;46,21;138,18;2076,19;3,853;0,355;243,14;34,453;186,22;67,93;94,7;138,12;33,76;2,041;6,248;1556,2;11,2;10,94;85,782666;93,277;102,071;93,578;79,852;91,587;96,701
17.07.2025;47,59;2879,3265;34,86;602,4;226;3,94;149,8;2,49;56,31;50,28865;154,52;360,56;45,72;140,79;2027,72;3,824;0,36;248,44;33,423;185,28;67,19;94,2;129,42;33,7;1,933;6,17;1551,6;12,07;11,09;85,876;93,266;102,201;93,578;80,0465;91,74;96,629
16.07.2025;46,44;2876,3277;34,37;624,1;217,15;3,912;149,7;2,5;57,62;50,27756;157,53;354,89;45,29;136,36;2067,35;3,822;0,36;251,41;33,761;181;65,49;96,76;123,42;33,75;1,891;6,275;1511,4;11,9;10,83;85,80555;92,596;102,155;93,578;79,9805;91,565;96,623
15.07.2025;47,78;2864,1952;33,78;633,5;218,3;3,882;148,1;2,5;57,95;51,65823;155,98;348,86;45,45;135,94;2060,52;3,91;0,366;251,5;34,327;180,14;65,35;97,61;125,8;33,48;1,813;6,332;1513,2;11,67;10,85;85,631;93,083;101,974;93,392;79,827;91,399;96,699
14.07.2025;48,59;2866,7789;33,41;650,2;220,3;3,914;149,4;2,5;59,11;52,24064;154,98;347,91;45,52;137,3;2040,86;3,867;0,371;257,72;34,898;183;64,43;98,08;125,95;34,13;1,783;6,259;1509,8;11,21;10,69;85,534;92,535;101,809;93,392;79,5715;91,24;96,618
11.07.2025;47,29;2870,6338;32,09;625,8;223,05;3,882;148,7;2,51;58,97;52,15032;153,91;347,27;45,27;139,28;2042,48;3,793;0,366;260,16;35,157;183,22;62,2;96,79;128,32;33,66;1,789;6,25;1519;10,98;10,74;85,5165;92,401;101,864;93,513772;79,767;91,447;96,633
10.07.2025;46,64;2839,908;31,65;706,1;226,8;3,85;148,4;2,55;60,69;52,03697;154,69;349;45,38;141,48;2053,08;3,838;0,37;255,99;42,35;183,3;60,53;95,95;122,64;33,6;1,636;6,195;1511;11,14;10,86;85,624;92,664;101,95;93,513772;79,946;91,571;96,743
09.07.2025;46,95;2827,3293;31,34;687,3;225,5;3,832;148,2;2,51;59,47;53,02588;151,87;343,19;45,49;138,25;2113,73;3,854;0,367;258,48;44,053;182,36;61,05;95,87;121,51;33,25;1,541;6,24;1575,6;11,64;10,94;85,785161;92,417;102,208;93,513772;80,23;91,9;96,743
08.07.2025;46,98;2815,1186;31,58;683,9;217,05;3,842;146,2;2,59;59,4;52,44848;151,59;336,31;45,33;140,28;2112,42;3,89;0,36;262,45;43,586;178,92;61,36;96,12;111,34;32,98;1,569;6,373;1563,6;11,59;10,94;85,668;92,297;102,108;93,5995;80,2125;91,781;96,578
07.07.2025;46,62;2848,9288;32,44;690;218,35;3,864;148,1;2,57;59,21;51,83075;154,78;334,42;46,53;138,76;2136,4;3,863;0,363;259,43;43,704;177,28;64,23;99,34;105,18;33,11;1,523;6,236;1562,8;11,41;10,98;85,914;92,747;102,444;93,5995;80,4955;92,196;96,717
03.07.2025;45,77;2829,4553;32,24;679,8;221,3;3,878;144,6;2,58;58,84;51,40355;152,16;338,43;46,03;139,71;2138,53;3,814;0,366;262,46;43,035;176,76;62,48;97,07;103,6;33,08;1,533;6,296;1535;11,57;10,85;86,019062;92,447;102,711;93,49805;80,8585;92,647;96,755
02.07.2025;45,45;2845,4621;31,96;678,9;219,5;3,872;143,4;2,52;59,18;50,84984;149,1;337,71;44,08;139,56;2095,31;3,828;0,367;260,69;42,438;175,18;60,74;97,86;101,98;32,51;1,532;6,495;1530,6;11,43;10,85;85,805;91,952;102,358;93,49805;80,5495;92,114;96,293
01.07.2025;45,39;2828,3165;31,7;671,6;215,65;3,94;145,1;2,43;59,14;49,47868;150,39;331,15;45,06;137,75;2118,93;3,848;0,362;276,27;42,202;172,32;60,71;97,67;103,04;33,32;1,549;6,48;1532,4;11,55;10,84;86,011;91,968;102,8;93,6188;80,98;92,637;96,023
30.06.2025;47,78;2802,7422;32,93;659,4;217,65;3,922;145,1;2,44;58,56;49,47868;154,53;329,38;44,32;133,71;2217,57;3,848;0,351;264,7;42,886;177,26;62,98;97,05;104,86;33,52;1,56;6,48;1558,4;11,64;10,88;85,82163;91,474;102,571;93,483404;80,9065;92,333;96,067
27.06.2025;46,63;2792,899;32,49;677,1;222,75;3,872;145,7;2,42;58,46;49,68576;154,48;328,28;44,09;134,37;2184,53;3,794;0,352;263,77;43,025;178,2;62,52;97,66;103,45;33,05;1,536;6,408;1576,6;11,31;11,23;85,86;92,527;102,74;93,483404;80,819;92,474;96,003
26.06.2025;48,19;2844,5073;33,09;677,6;214,85;3,818;146,1;2,45;57,87;49,63203;154,42;326,42;44,42;135,19;2188,39;3,789;0,356;258,67;41,346;176,1;63,65;96,27;105,32;33,37;1,519;6,196;1532;11,45;11,43;86,08069;92,552;102,859;93,645881;81,016;92,404;96,095
25.06.2025;46,21;2857,9745;32,46;668,2;213,6;3,784;143,8;2,39;57,77;50,30628;154,04;318,71;44,13;136,13;2179;3,835;0,357;259,04;41,634;171,54;61,27;96,72;106,64;33,16;1,553;6,19;1582,8;11,35;11,23;85,95;92,625;102,723;93,4699;80,918;92,27;96,152
24.06.2025;45;2863,327;33,31;677,6;214,5;3,78;143,8;2,46;60,93;51,19891;158,93;321,35;45,15;136,61;2178,63;3,781;0,364;263,28;41,893;170,6;62,32;97,61;101,05;33,88;1,558;6,244;1596,2;11,57;11,11;86,125;92,981;102,877;93,4699;81,091;92,42;96,188
23.06.2025;45,5;2909,9071;32,43;682,5;208,8;3,732;144,1;2,47;60,23;52,13587;159,77;316,37;44,97;134,04;2118,94;3,692;0,374;259,74;40,888;167;60,23;99,3;97,4;34,27;1,556;6,036;1542;10,66;11,07;86,237;93,771;102,963;93,4699;81,173;92,315;95,854
20.06.2025;47,04;2923,0863;31,91;677,4;209,3;4,082;144,4;2,47;64,03;52,96666;159,08;312,9;45,27;134,29;2086,28;3,754;0,37;262,12;41,457;167,5;59,25;96,78;99,21;34,47;1,561;5,976;1531,6;10,54;11,03;86,19517;94,032;102,787;93,414;80,987;92,17;95,688
18.06.2025;48,14;2934,6939;32,9;694,5;211,05;4,098;142,2;2,57;64,47;54,324;159,08;313,44;45,68;134,69;2093,17;3,923;0,377;267,62;41,521;162,98;60,69;97,84;106,42;34,68;1,614;5,971;1603,8;10,66;10,74;86,267;94,273;102,996;93,381999;81,312;92,626;95,765
17.06.2025;48,24;2951,7995;32,72;691,4;214;4,086;142,2;2,57;64,76;53,84228;159,82;311,6;45,12;134,25;2081,61;3,907;0,377;269,07;42,243;160,74;60,33;98,72;106,01;34,23;1,677;5,993;1682,4;10,54;10,82;86,056;94,191;102,701;93,381999;81,046;92,218;95,747
16.06.2025;49,12;2926,1547;32,93;668,7;216;4,12;143;2,59;66,62;54,36543;158,54;313,5;46;137,75;2123,31;3,862;0,382;266,12;42,352;162,02;59,99;98,29;106,83;34,48;1,647;5,967;1687,4;10,72;10,92;86,0617;93,467;102,936;93,522;81,1675;92,608;95,584
13.06.2025;48,61;2971,0756;31,28;650,4;214,95;4,084;142;2,56;69,1;54,43456;159,57;309,08;46,33;135,81;2053,31;3,838;0,381;271,41;42,391;161,58;57,7;96,68;96,52;34,16;1,613;5,729;1656,2;10,3;10,84;86,083654;93,522;102,744;93,384838;81,0225;92,265;95,591
12.06.2025;48,4;2921,5617;31,09;653,1;217,35;4,16;142,8;2,58;69,97;52,23039;158,94;311,63;46,5;137,38;2045,08;3,916;0,385;274,97;41,772;162,8;57,1;96,56;98,52;33,98;1,623;5,741;1700;10,36;10,95;86,3675;93,342;103,414;93,6114;81,4855;93,016;95,852
11.06.2025;48,33;2919,1785;31,23;665;219,7;4,196;143,8;2,61;68,54;52,39724;159,63;316,13;46,29;138,27;2078;4,043;0,379;270,36;42,712;163,62;57,74;97,02;99,83;33,9;1,64;6;1721,8;11,11;11,25;86,05;93,917;103,076;93,54715;81,292;92,559;95,847
10.06.2025;48,78;2908,3169;29,81;666;219,05;4,21;142,5;2,71;69,45;52,42698;156,73;313,9;46,02;139,87;2097,91;4,049;0,379;265,95;42,031;163,92;55,88;97,38;94,17;33,89;1,594;5,962;1744,8;10,48;11,41;86,05;93,601;103,218;93,5005;81,354;92,734;95,802
09.06.2025;52,06;2913,8179;30,81;670,1;219,3;4,184;144,4;2,74;66,08;52,9281;158,17;313,55;46;134,98;2144,13;3,967;0,389;265,49;41,881;165,5;58,59;99,22;95,41;33,91;1,605;6,042;1707,2;10,44;11,46;85,89994;93,587;102,9;93,402;81,042;92,265;95,747
06.06.2025;52,62;2904,7519;29,52;664,6;218,8;4,22;146,4;2,58;65,5;52,46697;159,5;310,12;46,23;133,68;2178,68;3,876;0,378;266,12;41,931;165,34;53,03;99,6;93,09;34,13;1,58;5,939;1724,8;10,66;11,42;85,833;93,795;102,853;93,375914;81,1475;92,242;95,326
05.06.2025;54,3;2930,0216;28,98;676,6;219,25;4,238;145,7;2,55;63,48;52,64648;159;304,93;46,29;128,77;2255,98;3,965;0,368;258,51;41,931;165,5;52,46;99,48;94,01;34,39;1,587;6,042;1705,2;10,58;11,32;85,75895;93,154;102,648;93,32135;80,909;91,807;95,197
04.06.2025;53,14;2956,4859;28,97;690,2;218,05;4,24;145,6;2,45;63,1;52,85425;158,24;305,97;46,52;129,54;2254,5;3,93;0,375;263,1;41,473;170,18;52,51;97,9;98,22;33,76;1,542;5,967;1682,8;10,46;11,47;86,17;93,084;103,11;93,58265;81,3585;92,088;95,238
03.06.2025;54,48;2948,0893;28,8;684,5;214,05;4,24;145,5;2,48;62,37;52,58322;160,4;307,3;46,29;125,58;2288,71;3,773;0,378;264,93;40,446;166,44;52,49;99,01;92,23;33,63;1,468;5,964;1671,2;10,55;11,44;86,22;92,785;103,278;93,609377;81,544;92,076;94,95
02.06.2025;53,66;2953,4657;27,86;680,1;213,65;4,23;147;2,41;63,66;52,57939;159,73;301,26;46,04;121,58;2266,79;3,738;0,385;266,34;39,712;162,58;50,85;84,93;90,67;33,7;1,419;5,75;1655,2;10,49;11,48;86,2283;91,546;103,137;93,609377;81,503;91,932;94,632
30.05.2025;54,22;2898,6956;28,21;667,6;211,8;4,214;143,4;2,3;63,01;52,0051;159,15;306,72;45,81;123,67;2259;3,811;0,392;266,07;39,762;162,08;51,58;85,71;89,83;33,33;1,419;5,727;1689,6;10,58;11,4;86,249717;92,483;103,278;93,569032;81,47;92,176;94,711
29.05.2025;54,12;2916,0999;28,37;659;212,6;4,2;144,6;2,39;61,09;51,69709;156,42;309,37;45,57;124,02;2238,58;3,931;0,397;262,22;40,786;162,56;52,02;85,37;94,42;33,07;1,433;5,798;1680;10,54;11,43;86,244422;91,925;103,185;93,549;81,463;92,141;94,501
28.05.2025;55,34;2912,9561;29,14;652,4;217,5;4,166;145;2,42;60,75;52,75213;158,33;309,5;46,96;122,9;2258,86;3,864;0,398;264;40,786;162,34;53,5;86,58;95,39;33,25;1,417;5,847;1619,8;10,8;11,63;86,024;92,475;102,787;93,391;81,143;91,645;94,529
27.05.2025;54,3;2912,7449;29,1;653,1;221;4,196;145,3;2,46;62,18;52,81012;158,22;310,3;47,56;124,06;2255,62;3,919;0,391;260,42;40,885;162,2;53,38;89,14;94,35;33,61;1,426;5,806;1621;10,54;11,78;86,08451;91,874;102,908;93,38405;81,172;91,779;94,525
23.05.2025;51,36;2954,0601;28,01;646,2;212,3;4,112;146,9;2,36;59,27;52,45111;156,8;302,17;47,74;120,56;2206,82;4,747;0,391;260,09;40,255;157,3;51,65;89,22;98,35;33,54;1,438;5,954;1586,2;10,55;11,79;85,924;91,001;102,429;93,368;80,7515;90,991;94,33
22.05.2025;51,22;2920,3;25,28;653,9;217,1;4,1;145;2,35;60,43;52,2509;155,35;306,02;47,69;122,38;2310,29;4,865;0,4;263,01;40,426;161,26;46,82;89,22;98,79;32,88;1,444;6,026;1608,4;10,86;11,62;85,52725;91,596;102,022;93,14015;80,347;90,562;94,342
21.05.2025;51,76;2925,1801;24,92;665,5;221;4,134;145;2,36;60,2;52,6659;154,15;302,33;47,3;121,18;2296,73;4,486;0,4;267,44;43,031;162,1;46,05;88,96;96,38;33,29;1,467;6,137;1623;10,58;11,74;85,477;91,549;101,989;93,109;80,4525;90,687;94,392